A Beginner’s Guide,Java: The Complete Reference,Java For Dummies,Android Programming: The Big Nerd Ranch,
A Beginner’s Guide,Java: The Complete Reference,Java For Dummies,,
A Beginner’s Guide,Java: The Complete Reference,Java For Dummies,Android Programming: The Big Nerd Ranch,Head First Java 2nd Edition
Android Programming: The Big Nerd Ranch,Head First Java 2nd Edition,Beginning Programming with Java,,
Android Programming: The Big Nerd Ranch,Beginning Programming with Java,Java 8 Pocket Guide,,
A Beginner’s Guide,Android Programming: The Big Nerd Ranch,Head First Java 2nd Edition,,
A Beginner’s Guide,Head First Java 2nd Edition,Beginning Programming with Java,,
Java: The Complete Reference,Java For Dummies,Android Programming: The Big Nerd Ranch,,
Java For Dummies,Android Programming: The Big Nerd Ranch,Head First Java 2nd Edition,Beginning Programming with Java,
Beginning Programming with Java,Java 8 Pocket Guide,C++ Programming in Easy Steps,,
A Beginner’s Guide,Java: The Complete Reference,Java For Dummies,Android Programming: The Big Nerd Ranch,
A Beginner’s Guide,Java: The Complete Reference,Java For Dummies,HTML and CSS: Design and Build Websites,
A Beginner’s Guide,Java: The Complete Reference,Java For Dummies,Java 8 Pocket Guide,HTML and CSS: Design and Build Websites
Java For Dummies,Android Programming: The Big Nerd Ranch,Head First Java 2nd Edition,,
Java For Dummies,Android Programming: The Big Nerd Ranch,,,
A Beginner’s Guide,Java: The Complete Reference,Java For Dummies,Android Programming: The Big Nerd Ranch,
A Beginner’s Guide,Java: The Complete Reference,Java For Dummies,Android Programming: The Big Nerd Ranch,
Head First Java 2nd Edition,Beginning Programming with Java,Java 8 Pocket Guide,,
Android Programming: The Big Nerd Ranch,Head First Java 2nd Edition,,,
A Beginner’s Guide,Java: The Complete Reference,Java For Dummies,,
