NFL,MMA,NCAAF,NHL,,,,,,
NFL,MMA,NCAAF,,,,,,,
NFL,MMA,NCAAF,NHL,,,,,,
NFL,NCAAF,NBA,,,,,,,
NFL,MMA,NCAAF,Golf,Soccer,,,,,
NFL,MMA,NCAAF,,,,,,,
NFL,MMA,NCAAF,NCAAH,NHL,Soccer,Golf,,,
MLB,MMA,NCAAF,,,,,,,
Golf,Soccer,MLB,NCAAB,NCAAH,,,,,
NFL,Soccer,NBA,,,,,,,
NBA,Soccer,MLB,,,,,,,
NFL,NBA,MLB,NHL,Soccer,NCAAF,NCAAB,NCAAH,MMA,Golf
NFL,NBA,MLB,NHL,Soccer,NCAAF,NCAAB,NCAAH,MMA,Golf
NFL,NCAAF,Soccer,NBA,MMA,Golf,,,,
NFL,MLB,MMA,NCAAF,Golf,NCAAH,Soccer,NBA,,
Golf,MMA,NHL,NFL,NBA,Soccer,,,,
NFL,MMA,,,,,,,,
MLB,NHL,Soccer,NCAAF,NCAAB,NCAAH,MMA,Golf,,
NFL,MLB,Soccer,,,,,,,
NFL,NBA,MLB,NHL,Soccer,NCAAF,NCAAB,NCAAH,MMA,Golf